epoch,train_loss,val_loss,val_acc,val_ttc,lr
1,0.7927587645273682,0.6500071247418722,0.8208333333333333,0.4818344573179881,0.0007525
2,0.5333421481839309,0.5322891553243001,0.8255208333333334,0.23015425701936085,0.00025750000000000013
3,0.4844004313151042,0.504365873336792,0.83125,0.20603355765342712,1e-05
