epoch,train_loss,val_loss,val_acc,val_ttc,lr
1,0.319937768081824,-0.18079832593599957,0.9755208333333333,0.04972947215040525,0.0007525
