epoch,train_loss,val_loss,val_acc,val_ttc,lr
1,0.3499245652598692,-0.1924273947874705,0.9817708333333334,0.034464629366993904,0.0009997557473810372
2,-0.40615250756765936,-0.6005902489026388,0.9895833333333334,0.012018556186618904,0.0009990232305719946
3,-0.7670352341646843,-0.8998782793680827,0.9822916666666667,0.013974945371349653,0.0009978031724785247
4,-1.0754539209900174,-1.2283959627151488,0.9927083333333333,0.010825778652603427,0.0009960967771506667
5,-1.372602344404721,-1.5022593498229981,0.9921875,0.011130197222034137,0.0009939057285945933
